{"GFLOPS": 0.0, "graph": {"_type": "graph-file", "sha256": "4159ddf4c6f32e9b32fc298c4be92c571c6bc4677dd35339c04a378fe3273221", "size": 1022, "path": "media/graph/graph_summary_4159ddf4c6f32e9b32fc.graph.json"}, "epoch": 4, "_timestamp": 1657105544, "_runtime": 618, "loss": 0.014585019089281559, "accuracy": 0.9958149790763855, "val_loss": 0.02569914236664772, "val_accuracy": 0.9937450289726257, "_step": 4, "best_val_loss": 0.02567797340452671, "best_epoch": 3}