{"GFLOPS": 0.0, "graph": {"_type": "graph-file", "sha256": "4159ddf4c6f32e9b32fc298c4be92c571c6bc4677dd35339c04a378fe3273221", "size": 1022, "path": "media/graph/graph_summary_4159ddf4c6f32e9b32fc.graph.json"}, "epoch": 2, "_timestamp": 1657135615, "_runtime": 405, "loss": 0.01569673791527748, "accuracy": 0.9957488775253296, "val_loss": 0.026092415675520897, "val_accuracy": 0.9933926463127136, "_step": 2, "best_val_loss": 0.026092415675520897, "best_epoch": 2, "_wandb": {"runtime": 447}}