{"GFLOPS": 0.0, "graph": {"_type": "graph-file", "sha256": "4159ddf4c6f32e9b32fc298c4be92c571c6bc4677dd35339c04a378fe3273221", "size": 1022, "path": "media/graph/graph_summary_4159ddf4c6f32e9b32fc.graph.json"}, "epoch": 4, "_timestamp": 1657125507, "_runtime": 643, "loss": 0.014409881085157394, "accuracy": 0.9959911704063416, "val_loss": 0.026032578200101852, "val_accuracy": 0.9937450289726257, "_step": 4, "best_val_loss": 0.025741159915924072, "best_epoch": 2, "_wandb": {"runtime": 684}}