{"GFLOPS": 0.0, "graph": {"_type": "graph-file", "sha256": "4159ddf4c6f32e9b32fc298c4be92c571c6bc4677dd35339c04a378fe3273221", "size": 1022, "path": "media/graph/graph_summary_4159ddf4c6f32e9b32fc.graph.json"}, "epoch": 2, "_timestamp": 1657131280, "_runtime": 1993, "loss": 0.015858100727200508, "accuracy": 0.9959030747413635, "val_loss": 0.03078855574131012, "val_accuracy": 0.9935688376426697, "_step": 2, "best_val_loss": 0.026732556521892548, "best_epoch": 0, "_wandb": {"runtime": 2178}}