{"GFLOPS": 0.0, "graph": {"_type": "graph-file", "sha256": "4159ddf4c6f32e9b32fc298c4be92c571c6bc4677dd35339c04a378fe3273221", "size": 1022, "path": "media/graph/graph_summary_4159ddf4c6f32e9b32fc.graph.json"}, "epoch": 4, "_timestamp": 1657115317, "_runtime": 1051, "loss": 0.014379222877323627, "accuracy": 0.9960132241249084, "val_loss": 0.02665022574365139, "val_accuracy": 0.9937450289726257, "_step": 4, "best_val_loss": 0.026055067777633667, "best_epoch": 2, "_wandb": {"runtime": 1457}}